<?xml version="1.0" encoding="UTF-8"?>
<frame name="mainframe" size="640,480" title="S W I X M L" defaultcloseoperation="JFrame.EXIT_ON_CLOSE" >
	<panel layout="BorderLayout">
	  <menubar constraints="BorderLayout.SOUTH">
	      <menu text="This should appear at the bottom">
		      <menuitem text="and exits the program" initclass="ExitAction"/>
	      </menu>
	  </menubar>
	  <menubar constraints="BorderLayout.NORTH">
	      <menu text="This should appear at the top">
		      <menuitem text="...and exits the program as well" initclass="ExitAction"/>
	      </menu>
	  </menubar>
	</panel>
</frame>